date,open,high,low,close,volume_usd
2026-04-16,75136.6051623174,75463.1382500857,73469.4207714444,75120.897593359,2538971.693251522
2026-04-17,75120.897593359,78274.7094662967,74471.5784091478,77140.2827462703,5914743.229913108
2026-04-18,77140.2827462703,77406.7358587233,75444.5935268848,75716.5379027334,4535371.923771486
2026-04-19,75716.5379027334,76235.6426475495,73812.9141404586,73882.5572357702,4587903.043572009
2026-04-20,73882.5572357702,76558.9423147014,73745.7374857187,75882.9758516805,6523292.844679674
2026-04-21,75882.9758516805,76856.5735549965,74801.9771383831,76336.3146821352,5973700.242872771
2026-04-22,76336.3146821352,79447.9750291547,76162.7628497014,78232.6385222459,11415791.49198145
2026-04-23,78232.6385222459,78611.4476910481,77102.8885779496,78281.2335979774,4912556.598970552
2026-04-24,78281.2335979774,78516.031857777,77135.1879296183,77463.0976642539,3773492.619428236
2026-04-25,77463.0976642539,77954.5437310924,77213.7643592845,77612.4753369274,2059436.5821875194
2026-04-26,77612.4753369274,78851.6298142666,77311.6214917219,78646.2833322701,4568815.961145031
2026-04-27,78646.2833322701,79505.8769420187,76529.2499085155,77357.5095624482,6238807.081051479
2026-04-28,77357.5095624482,77455.9296657856,75456.5147951523,76327.9195555089,5881890.044809469
2026-04-29,76327.9195555089,77856.8267252193,74941.5739284815,75766.489848252,7264294.710806591
2026-04-30,75766.489848252,76593.3424553206,75279.1015060545,76303.8698418381,4989711.9643589165
2026-05-01,76303.8698418381,78823.4388863286,76272.8337149964,78197.777234851,4435590.352826821
2026-05-02,78197.777234851,79034.565244906,77503.239974535,78647.5565517345,2938007.978294055
2026-05-03,78647.5565517345,79347.6773553733,78075.6837612493,78537.6019438959,4848363.629695619
2026-05-04,78537.6019438959,80663.3158562999,78168.7684613724,79824.273676003,7549341.937428032
2026-05-05,79824.273676003,81730.9430250864,79780.4449899529,80919.0512844585,3775784.7407212714
2026-05-06,80919.0512844585,82805.5814843008,80751.9707540771,81410.6539304371,3649660.74799814
2026-05-07,81410.6539304371,82069.0328648838,79497.1755661959,80013.5809431254,3279057.279679871
2026-05-08,80013.5809431254,80400.9499868504,79182.7812104172,80185.6611232109,3079069.7606203826
2026-05-09,80185.6611232109,81065.6401254676,79620.7940092368,80684.7961457994,2751123.242588028
2026-05-10,80684.7961457994,82416.4166853242,80373.5505098189,82183.1857465858,3116319.509245528
2026-05-11,82183.1857465858,82234.821058659,80505.9366091053,81752.4958947485,2886741.889222609
2026-05-12,81752.4958947485,82137.8577127903,79794.2304804029,80470.4572896753,4309424.815330832
2026-05-13,80470.4572896753,81318.3745583039,78632.1883181023,79285.9034938113,4391933.582986857
2026-05-14,79285.9034938113,82022.4073801633,78927.6136757511,81016.4138876631,4550734.817976999
2026-05-15,81016.4138876631,81621.4074892612,78405.432478417,79079.4262525692,5495396.9073622385
2026-05-16,79079.4262525692,79492.8313598572,77540.0721944821,78116.3839793394,4565852.076712729
2026-05-17,78116.3839793394,78512.6981745648,75457.04381451,77348.0164521748,5330143.472458222
2026-05-18,77348.0164521748,77776.3127186503,75750.1398582743,76942.6557200282,7614763.931351957
2026-05-19,76942.6557200282,77296.7217002054,75948.8742754418,76770.3894117451,5553325.869719279
2026-05-20,76770.3894117451,77743.5095213679,76223.064095709,77470.1823483325,3375671.8203126765
2026-05-21,77470.1823483325,78158.6957327889,76610.4125263607,77565.3884863543,4363682.563389449
2026-05-22,77565.3884863543,78111.1304188931,75346.4633321378,75482.5926344755,4104838.592531793
2026-05-23,75482.5926344755,77407.5803815138,74293.2998991841,76671.9628492166,7210575.244735268
2026-05-24,76671.9628492166,77402.8527834675,75975.6454307986,76996.9972386707,5334222.283522796
2026-05-25,76996.9972386707,77812.140957285,76756.7611709252,77273.506513951,3352322.1373430844
2026-05-26,77273.506513951,77966.0894534681,75284.5523723286,75808.1331963605,5961181.888999093
2026-05-27,75808.1331963605,76010.6374365269,74131.8233895749,74343.9737809162,5185317.059584923
2026-05-28,74343.9737809162,74513.2180247004,72416.8220673776,73526.9964002552,5409065.642401036
2026-05-29,73526.9964002552,74242.0653036032,72445.4811030672,73382.0348518405,5189714.069163188
2026-05-30,73382.0348518405,74007.5587564076,72937.2863332753,73757.0651296086,3526015.5899999514
2026-05-31,73757.0651296086,74346.221641791,73111.5462363462,73594.1854803448,3868549.8342542364
2026-06-01,73594.1854803448,73923.5596356429,70549.8337045529,71297.9362897275,5262408.693655332
2026-06-02,71297.9362897275,71325.2121410298,65949.7418163205,66710.5997383775,12127819.795179056
2026-06-03,66710.5997383775,67420.8633093525,63929.6437623153,64060.6903503516,7979863.339691541
2026-06-04,64060.6903503516,64691.1510436463,61123.4273947833,63808.9167672113,3466083.530638717
2026-06-05,63808.9167672113,63845.01844203,58868.7408119488,60948.0544812517,2771640.3577374755
2026-06-06,60948.0544812517,61512.6296925806,59515.4275520766,60855.5166466486,2374803.7355215126
2026-06-07,60855.5166466486,63738.3317445411,60698.6054823606,63212.1226930031,4419726.175783588
2026-06-08,63212.1226930031,64226.2611720664,62370.6467559607,63050.0601622063,4211654.023141144
2026-06-09,63050.0601622063,63501.0563895965,60676.9382951958,61666.1721097248,3772212.749837811
2026-06-10,61666.1721097248,62690.5414538516,60850.8758191505,61464.2598305908,3766495.4410736286
2026-06-11,61464.2598305908,63799.8035955118,61446.6354402159,63581.921190271,3327324.063761603
2026-06-12,63581.921190271,64345.018321266,62677.6344394285,63520.6187600989,1521481.4391748346
2026-06-13,63520.6187600989,64635.2381408447,63139.5239989974,64393.702509216,1342877.043003334
2026-06-14,64393.702509216,65752.7968306816,63334.5187772843,65703.1995225656,2699520.269381592
2026-06-15,65703.1995225656,67318.3407214685,65091.7632196637,66300.067344528,3473614.830505791
2026-06-16,66300.067344528,66988.1169773193,65194.1838167118,65571.3946660882,6574368.389389732
2026-06-17,65571.3946660882,66347.6602225281,63693.9380990165,64405.5560612959,6139952.7868551975
2026-06-18,64405.5560612959,64732.772048909,62200.9446325829,62901.1688284857,5038975.504120326
2026-06-19,62901.1688284857,63531.1019706915,62178.564869702,63513.871981131,3275454.468112165
2026-06-20,63513.871981131,64362.8774613626,63097.6981252026,64251.5007737118,3275035.9125842997
2026-06-21,64251.5007737118,64681.965,63210.5969747847,63210.5969747847,2842553.113083176
2026-06-22,63210.5969747847,65499.481325061,63195.317768509,63977.3833765727,4679984.411857482
2026-06-23,63977.3833765727,64212.6023416042,61597.0832011291,62659.968543865,4032460.804386182
2026-06-24,62659.968543865,63402.3798180067,59138.9875953556,61001.0948637497,6927370.453193046
2026-06-25,61001.0948637497,62212.7819548872,57902.0458395333,59689.5780582324,6044454.925242907
2026-06-26,59689.5780582324,60683.8805377876,58247.6568009734,60014.5329960879,4666241.47982596
2026-06-27,60014.5329960879,60955.4726042273,59682.3876852934,59940.7881280417,2438285.2952992637
2026-06-28,59940.7881280417,60376.7358885788,58920.8709624547,59523.1052085646,2836668.9180367626
2026-06-29,59523.1052085646,60729.8773381312,58891.421415987,60193.1266728881,4505448.137060448
2026-06-30,60193.1266728881,60290.5009689858,58014.1116610077,58542.36009682,4680432.76765737
2026-07-01,58542.36009682,60980.9413807153,57916.4021745053,59991.2533969525,4765956.61231086
2026-07-02,59991.2533969525,62139.2305808165,59557.4665497166,61471.6745507717,5079866.476403843
2026-07-03,61471.6745507717,62848.6814350094,61139.4467113493,62531.1926875971,3879841.9246071395
2026-07-04,62531.1926875971,63506.490048922,62164.4386343528,63077.3463405416,3097230.6943045626
2026-07-05,63077.3463405416,63924.2102798131,62446.8447705398,63545.8022191395,3824698.4697323013
2026-07-06,63545.8022191395,64535.4110113175,61289.2454631484,63975.3026442092,6474556.672332148
2026-07-07,63975.3026442092,64302.6928105482,62515.5070539957,63252.6057227651,5267234.685115822
2026-07-08,63252.6057227651,63675.1171223795,61436.5399793563,62245.8352471561,4685239.819472273
2026-07-09,62245.8352471561,63426.3040198558,61636.6353715902,63220.1699210675,4108537.322177622
2026-07-10,63220.1699210675,64587.060432747,62881.1232017408,64107.9311475366,6398045.572178669
2026-07-11,64107.9311475366,64512.887255333,63791.9483662706,63814.4297189315,5346290.1739450265
2026-07-12,63814.4297189315,64385.8156028369,63352.1378709062,63745.1359267084,6620820.651226474
2026-07-13,63745.1359267084,64383.9941106412,61736.0033061783,62227.9362743067,9263356.625884175
2026-07-14,62227.9362743067,65057.3431203105,62180.6432159584,64955.8230371296,7902786.796359676
2026-07-15,64955.8230371296,65585.4820038229,64416.804926839,64715.9474187972,7407792.49320032
2026-07-16,64715.9474187972,64940.1139280977,63688.4552638704,63778.0044143559,8775466.547043659
2026-07-17,63778.0044143559,64419.7481802949,62478.5162213963,63907.1017467109,9245995.258881904
2026-07-18,63907.1017467109,64817.4157928114,63638.5795895591,64787.7138407611,5111671.428100282
2026-07-19,64787.7138407611,65069.8263096416,63928.6033173142,64686.4208962137,5909057.399462387
2026-07-20,64686.4208962137,65746.884067245,63708.9508347268,65189.1924225861,9546523.851983815
2026-07-21,65189.1924225861,66921.8624555441,65094.8960286841,66499.0584247442,7389160.591064721
2026-07-22,66499.0584247442,66765.2025438916,65291.5886338397,66077.8558708654,7611873.051490159
2026-07-23,66077.8558708654,66302.3143120095,64583.0573396056,65052.7742035114,7545233.304908435
2026-07-24,65052.7742035114,65792.2748389893,63128.4740275445,64085.677985175,8018006.024302182
2026-07-25,64085.677985175,64451.884137931,63744.3953060597,64308.2755945886,6429753.756050623
2026-07-26,64308.2755945886,65509.7640715405,64222.460905012,65337.435569024,6858036.987983077
2026-07-27,65337.435569024,65658.0945728827,63553.2572691584,63686.3217450033,11060440.372669702
2026-07-28,63686.3217450033,64023.9420846163,62670.6212948605,63841.3335614385,11951385.294276446
2026-07-29,63841.3335614385,64660.3185577415,63175.3220726959,63906.5077410894,13262259.568003643
2026-07-30,63906.5077410894,65331.3731830771,63310.8168214598,64739.8357661145,11253874.825102737
2026-07-31,64739.8357661145,65324.8350783284,62266.7444856583,62816.1840045479,11871186.061822247
2026-08-01,62816.1840045479,63129.9266148068,62174.0511993615,62766.2272910487,7642784.191255074
2026-08-02,62766.2272910487,63726.1348944276,62533.2650878525,63467.8292065889,10002930.361611832
2026-08-03,63467.8292065889,64134.4588952667,61959.1732356601,63451.0526439443,12043549.486755643
2026-08-04,63451.0526439443,64473.9827695608,63254.9679654967,64041.1600830456,14826640.163057962
2026-08-05,64041.1600830456,64956.3995051564,63717.006485047,64579.0889510551,13441429.353988113
2026-08-06,64579.0889510551,64972.8906180929,64047.4009087497,64261.0946183386,10998298.596220242
2026-08-07,64261.0946183386,65315.1007085584,63932.8367580532,64896.5555937236,14786036.983103307
2026-08-08,64896.5555937236,64919.7623876532,64783.4044788452,64829.4635367442,172051.96714628531
